deidentified_id,deidentified_sample,Total Cells,FOXP3 (Opal 620) Positive Cells,CD3 (Opal 570) Positive Cells,CD8 (Opal 520) Positive Cells,PD1 (Opal 650) Positive Cells,PDL1 (Opal 540) Positive Cells,CD3+ FOXP3+ Cells,CD3+ CD8+ Cells,CD3+ CD8+ FOXP3+ Cells,CD3+ PD1+ Cells,CD3+ PD-L1+ Cells,CD8+ PD1+ Cells,CD3+ CD8+ PD-L1+ Cells,% FOXP3 (Opal 620) Positive Cells,% CD3 (Opal 570) Positive Cells,% CD8 (Opal 520) Positive Cells,% PD1 (Opal 650) Positive Cells,% PDL1 (Opal 540) Positive Cells,% CD3+ FOXP3+ Positive Cells,% CD3+ CD8+ Positive Cells,% CD3+ CD8+ FOXP3+ Positive Cells,% CD3+ PD1+ Positive Cells,% CD3+ PD-L1+ Positive Cells,% CD8+ PD1+ Positive Cells,% CD3+ CD8+ PD-L1+ Positive Cells,Area Analyzed (μm²),Area Analyzed (mm²)
205,"TMA1_[3,F].tif",2896,23,162,102,1,20,23,60,0,0,2,0,0,0.794199,5.593923,3.522099,0.03453,0.690608,0.794199,2.071823,0,0,0.069061,0,0,890933.625,0.890933625
785,"TMA1_[3,D].tif",4708,22,460,526,1,22,22,373,5,1,4,0,3,0.46729,9.770603,11.172472,0.02124,0.46729,0.46729,7.922685,0.106202,0.02124,0.084962,0,0.063721,865264,0.865264
718,"TMA1_[3,B].tif",3803,3,17,7,0,1,3,3,0,0,0,0,0,0.078885,0.447016,0.184065,0,0.026295,0.078885,0.078885,0,0,0,0,0,903221.75,0.90322175
846,"TMA1_[2,F].tif",6568,18,490,157,0,0,16,137,0,0,0,0,0,0.274056,7.460414,2.390378,0,0,0.243605,2.085871,0,0,0,0,0,1043632.313,1.043632313
503,"TMA1_[2,D].tif",4995,28,428,195,0,7,24,142,2,0,0,0,0,0.560561,8.568568,3.903904,0,0.14014,0.48048,2.842843,0.04004,0,0,0,0,977703.3125,0.977703313
659,"TMA1_[2,B].tif",2198,1,131,186,0,6,1,65,1,0,0,0,0,0.045496,5.959964,8.462238,0,0.272975,0.045496,2.957234,0.045496,0,0,0,0,549053.3125,0.549053313
192,"TMA1_[1,F].tif",3090,0,2,79,0,0,0,0,0,0,0,0,0,0,0.064725,2.556634,0,0,0,0,0,0,0,0,0,796344.875,0.796344875
970,"TMA1_[1,D].tif",4600,0,135,74,0,1,0,31,0,0,0,0,0,0,2.934783,1.608696,0,0.021739,0,0.673913,0,0,0,0,0,970248.3125,0.970248313
212,"TMA1_[1,B].tif",5555,0,0,150,0,0,0,0,0,0,0,0,0,0,0,2.70027,0,0,0,0,0,0,0,0,0,1021221.5,1.0212215
290,"TMA2_[3,F].tif",4831,147,1401,736,7,76,147,588,44,7,52,4,39,3.042848,29.000208,15.234941,0.144898,1.573173,3.042848,12.171393,0.910785,0.144898,1.076382,0.082799,0.807286,831041.125,0.831041125
868,"TMA2_[3,D].tif",3641,48,831,770,1,102,46,666,16,1,82,0,78,1.318319,22.8234,21.148037,0.027465,2.801428,1.263389,18.291677,0.43944,0.027465,2.252129,0,2.142269,769517.4375,0.769517438
667,"TMA2_[3,B].tif",3008,3,21,12,0,0,3,7,0,0,0,0,0,0.099734,0.698138,0.398936,0,0,0.099734,0.232713,0,0,0,0,0,890083.5625,0.890083563
663,"TMA2_[2,F].tif",4636,13,330,189,0,2,11,147,1,0,1,0,0,0.280414,7.118206,4.07679,0,0.043141,0.237274,3.170837,0.02157,0,0.02157,0,0,938116.0625,0.938116063
341,"TMA2_[2,D].tif",2745,20,380,215,0,14,19,171,1,0,1,0,1,0.728597,13.843351,7.832423,0,0.510018,0.692168,6.229508,0.03643,0,0.03643,0,0.03643,793540.8125,0.793540813
169,"TMA2_[2,B].tif",660,0,5,11,0,0,0,1,0,0,0,0,0,0,0.757576,1.666667,0,0,0,0.151515,0,0,0,0,0,324555.9063,0.324555906
77,"TMA2_[1,F].tif",5117,5,21,37,0,0,1,11,0,0,0,0,0,0.097714,0.410397,0.72308,0,0,0.019543,0.21497,0,0,0,0,0,974139.125,0.974139125
267,"TMA2_[1,D].tif",4222,30,377,274,0,19,30,160,3,0,6,0,1,0.710564,8.929418,6.489815,0,0.450024,0.710564,3.789673,0.071056,0,0.142113,0,0.023685,925754.5625,0.925754563
619,"TMA2_[1,B].tif",5003,1,416,324,0,9,1,259,0,0,5,0,5,0.019988,8.315011,6.476114,0,0.179892,0.019988,5.176894,0,0,0.09994,0,0.09994,1005551,1.005551
360,"TMA3_[12,G].tif",897,7,45,48,0,9,7,13,0,0,0,0,0,0.780379,5.016722,5.351171,0,1.003345,0.780379,1.449275,0,0,0,0,0,184542.625,0.184542625
388,"TMA3_[12,H].tif",239,0,2,5,0,0,0,2,0,0,0,0,0,0,0.83682,2.09205,0,0,0,0.83682,0,0,0,0,0,51584.07813,0.051584078
625,"TMA3_[12,K].tif",1431,1,9,23,0,2,1,2,0,0,0,0,0,0.069881,0.628931,1.607268,0,0.139762,0.069881,0.139762,0,0,0,0,0,278157.3125,0.278157313
291,"TMA3_[12,L].tif",552,1,37,18,0,0,1,14,0,0,0,0,0,0.181159,6.702899,3.26087,0,0,0.181159,2.536232,0,0,0,0,0,150448.1875,0.150448188
756,"TMA3_[12,M].tif",734,1,12,12,0,0,1,0,0,0,0,0,0,0.13624,1.634877,1.634877,0,0,0.13624,0,0,0,0,0,0,166723.1875,0.166723188
198,"TMA3_[12,Q].tif",1472,6,37,29,0,0,6,15,1,0,0,0,0,0.407609,2.513587,1.970109,0,0,0.407609,1.019022,0.067935,0,0,0,0,297716.8438,0.297716844
81,"TMA3_[12,R].tif",2358,0,13,17,0,0,0,4,0,0,0,0,0,0,0.551315,0.72095,0,0,0,0.169635,0,0,0,0,0,388671.2188,0.388671219
867,"TMA3_[12,S].tif",1228,1,12,23,1,0,0,8,0,1,0,0,0,0.081433,0.977199,1.872964,0.081433,0,0,0.651466,0,0.081433,0,0,0,231820.6875,0.231820688
69,"TMA3_[12,T].tif",1682,28,638,418,0,1,22,314,6,0,1,0,1,1.664685,37.931034,24.851368,0,0.059453,1.307967,18.668253,0.356718,0,0.059453,0,0.059453,260051.5469,0.260051547
738,"TMA3_[12,U].tif",947,0,2,2,0,0,0,0,0,0,0,0,0,0,0.211193,0.211193,0,0,0,0,0,0,0,0,0,156146.7344,0.156146734
326,"TMA3_[13,F].tif",1356,0,11,13,0,0,0,4,0,0,0,0,0,0,0.811209,0.958702,0,0,0,0.294985,0,0,0,0,0,263251.125,0.263251125
962,"TMA3_[13,G].tif",1208,1,7,3,0,0,1,1,0,0,0,0,0,0.082781,0.57947,0.248344,0,0,0.082781,0.082781,0,0,0,0,0,287935.0938,0.287935094
805,"TMA3_[13,H].tif",860,1,4,11,0,0,1,2,0,0,0,0,0,0.116279,0.465116,1.27907,0,0,0.116279,0.232558,0,0,0,0,0,201865.7813,0.201865781
368,"TMA3_[13,I].tif",900,0,1,1,0,0,0,1,0,0,0,0,0,0,0.111111,0.111111,0,0,0,0.111111,0,0,0,0,0,192915.2969,0.192915297
505,"TMA3_[13,J].tif",931,0,3,10,0,0,0,2,0,0,0,0,0,0,0.322234,1.074114,0,0,0,0.214823,0,0,0,0,0,189444.9844,0.189444984
441,"TMA3_[13,L].tif",605,0,0,0,0,0,0,0,0,0,0,0,0,0,0,0,0,0,0,0,0,0,0,0,0,124158.0156,0.124158016
507,"TMA3_[13,M].tif",997,0,6,3,0,0,0,0,0,0,0,0,0,0,0.601805,0.300903,0,0,0,0,0,0,0,0,0,272020.75,0.27202075
942,"TMA3_[13,O].tif",672,0,9,8,0,0,0,2,0,0,0,0,0,0,1.339286,1.190476,0,0,0,0.297619,0,0,0,0,0,144474.2031,0.144474203
272,"TMA3_[13,S].tif",1095,3,19,7,0,0,1,1,0,0,0,0,0,0.273973,1.73516,0.639269,0,0,0.091324,0.091324,0,0,0,0,0,202001.3906,0.202001391
443,"TMA3_[13,T].tif",1189,0,8,5,0,0,0,1,0,0,0,0,0,0,0.672834,0.420521,0,0,0,0.084104,0,0,0,0,0,267538.125,0.267538125
109,"TMA3_[13,U].tif",2673,2,43,55,0,2,2,19,0,0,0,0,0,0.074822,1.608679,2.057613,0,0.074822,0.074822,0.710812,0,0,0,0,0,401676.9688,0.401676969
835,"TMA3_[14,F].tif",1288,0,7,18,0,0,0,2,0,0,0,0,0,0,0.543478,1.397516,0,0,0,0.15528,0,0,0,0,0,256340.375,0.256340375
294,"TMA3_[14,G].tif",1045,0,9,17,0,0,0,3,0,0,0,0,0,0,0.861244,1.626794,0,0,0,0.287081,0,0,0,0,0,227585.0625,0.227585063
838,"TMA3_[14,H].tif",1275,3,21,29,0,0,2,6,0,0,0,0,0,0.235294,1.647059,2.27451,0,0,0.156863,0.470588,0,0,0,0,0,295666.4688,0.295666469
304,"TMA3_[14,I].tif",930,0,3,11,0,0,0,1,0,0,0,0,0,0,0.322581,1.182796,0,0,0,0.107527,0,0,0,0,0,219148.9063,0.219148906
244,"TMA3_[14,K].tif",1234,0,54,26,0,0,0,15,0,0,0,0,0,0,4.376013,2.106969,0,0,0,1.215559,0,0,0,0,0,228788.1094,0.228788109
915,"TMA3_[14,M].tif",569,0,1,5,0,0,0,1,0,0,0,0,0,0,0.175747,0.878735,0,0,0,0.175747,0,0,0,0,0,101563.6875,0.101563688
677,"TMA3_[14,Q].tif",350,1,4,13,0,0,1,0,0,0,0,0,0,0.285714,1.142857,3.714286,0,0,0.285714,0,0,0,0,0,0,126225.9219,0.126225922
393,"TMA3_[14,R].tif",1367,0,6,12,0,0,0,1,0,0,0,0,0,0,0.438917,0.877835,0,0,0,0.073153,0,0,0,0,0,253250.5,0.2532505
613,"TMA3_[9,L].tif",1814,1,37,35,0,0,1,11,0,0,0,0,0,0.055127,2.039691,1.929438,0,0,0.055127,0.606395,0,0,0,0,0,352412.5313,0.352412531
182,"TMA3_[9,M].tif",729,2,8,2,0,0,2,1,0,0,0,0,0,0.274348,1.097394,0.274348,0,0,0.274348,0.137174,0,0,0,0,0,175091.9063,0.175091906
557,"TMA3_[9,N].tif",1087,0,13,12,0,0,0,2,0,0,0,0,0,0,1.195952,1.103956,0,0,0,0.183993,0,0,0,0,0,217829.5,0.2178295
701,"TMA3_[9,O].tif",2552,0,34,19,0,0,0,7,0,0,0,0,0,0,1.332288,0.744514,0,0,0,0.274295,0,0,0,0,0,380756.7813,0.380756781
788,"TMA3_[9,Q].tif",1880,4,11,3,0,0,2,2,0,0,0,0,0,0.212766,0.585106,0.159574,0,0,0.106383,0.106383,0,0,0,0,0,311695.9063,0.311695906
914,"TMA3_[9,S].tif",1656,7,73,29,0,0,7,17,0,0,0,0,0,0.422705,4.408213,1.751208,0,0,0.422705,1.02657,0,0,0,0,0,296618.7813,0.296618781
706,"TMA3_[9,T].tif",1502,2,12,6,0,0,1,1,0,0,0,0,0,0.133156,0.798935,0.399467,0,0,0.066578,0.066578,0,0,0,0,0,252676.8906,0.252676891
79,"TMA3_[9,U].tif",1421,0,3,12,0,0,0,2,0,0,0,0,0,0,0.211119,0.844476,0,0,0,0.140746,0,0,0,0,0,238540.9531,0.238540953
12,"TMA3_[10,A].tif",963,0,34,53,0,1,0,16,0,0,0,0,0,0,3.530633,5.503634,0,0.103842,0,1.661475,0,0,0,0,0,179726.4844,0.179726484
73,"TMA3_[10,B].tif",1316,16,110,15,0,0,14,10,2,0,0,0,0,1.215806,8.358663,1.139818,0,0,1.06383,0.759878,0.151976,0,0,0,0,281246.1875,0.281246188
547,"TMA3_[10,D].tif",1672,2,29,23,0,2,2,10,0,0,0,0,0,0.119617,1.73445,1.375598,0,0.119617,0.119617,0.598086,0,0,0,0,0,310943.6875,0.310943688
88,"TMA3_[10,E].tif",1446,14,52,26,0,0,13,15,0,0,0,0,0,0.968188,3.596127,1.798064,0,0,0.899032,1.037344,0,0,0,0,0,333142.5313,0.333142531
590,"TMA3_[10,F].tif",774,4,13,12,0,0,4,2,0,0,0,0,0,0.516796,1.679587,1.550388,0,0,0.516796,0.258398,0,0,0,0,0,153617.375,0.153617375
963,"TMA3_[10,G].tif",1895,0,14,29,0,0,0,13,0,0,0,0,0,0,0.738786,1.530343,0,0,0,0.686016,0,0,0,0,0,313906.8438,0.313906844
768,"TMA3_[10,H].tif",2020,0,5,16,0,0,0,5,0,0,0,0,0,0,0.247525,0.792079,0,0,0,0.247525,0,0,0,0,0,339475.4375,0.339475438
127,"TMA3_[10,I].tif",332,0,16,18,0,0,0,7,0,0,0,0,0,0,4.819277,5.421687,0,0,0,2.108434,0,0,0,0,0,95751.25781,0.095751258
317,"TMA3_[10,K].tif",1410,0,17,31,0,0,0,7,0,0,0,0,0,0,1.205674,2.198581,0,0,0,0.496454,0,0,0,0,0,224979.8594,0.224979859
480,"TMA3_[10,L].tif",1362,2,33,31,0,0,2,14,0,0,0,0,0,0.146843,2.422908,2.276065,0,0,0.146843,1.0279,0,0,0,0,0,278271.1875,0.278271188
906,"TMA3_[10,M].tif",1435,0,14,15,0,0,0,7,0,0,0,0,0,0,0.97561,1.045296,0,0,0,0.487805,0,0,0,0,0,249796.7344,0.249796734
902,"TMA3_[10,N].tif",739,1,12,14,0,0,1,6,0,0,0,0,0,0.135318,1.623816,1.894452,0,0,0.135318,0.811908,0,0,0,0,0,250503.9844,0.250503984
993,"TMA3_[10,O].tif",796,0,12,21,0,0,0,9,0,0,0,0,0,0,1.507538,2.638191,0,0,0,1.130653,0,0,0,0,0,222388.9844,0.222388984
640,"TMA3_[10,Q].tif",315,0,50,2,3,0,0,2,0,3,0,0,0,0,15.873015,0.634921,0.952381,0,0,0.634921,0,0.952381,0,0,0,33421.01953,0.03342102
704,"TMA3_[10,S].tif",275,0,1,1,0,0,0,1,0,0,0,0,0,0,0.363636,0.363636,0,0,0,0.363636,0,0,0,0,0,60042.47266,0.060042473
457,"TMA3_[10,T].tif",752,0,0,1,0,0,0,0,0,0,0,0,0,0,0,0.132979,0,0,0,0,0,0,0,0,0,183179,0.183179
488,"TMA3_[10,U].tif",749,0,1,2,0,0,0,1,0,0,0,0,0,0,0.133511,0.267023,0,0,0,0.133511,0,0,0,0,0,125017.9297,0.12501793
798,"TMA3_[11,A].tif",199,0,1,3,0,0,0,1,0,0,0,0,0,0,0.502513,1.507538,0,0,0,0.502513,0,0,0,0,0,46413.69141,0.046413691
551,"TMA3_[11,C].tif",1516,4,32,33,0,0,3,18,1,0,0,0,0,0.263852,2.110818,2.176781,0,0,0.197889,1.187335,0.065963,0,0,0,0,346186.3125,0.346186313
125,"TMA3_[11,D].tif",1223,3,16,14,0,0,3,3,0,0,0,0,0,0.245298,1.308258,1.144726,0,0,0.245298,0.245298,0,0,0,0,0,249947.6719,0.249947672
950,"TMA3_[11,G].tif",1289,1,48,92,0,0,1,34,0,0,0,0,0,0.07758,3.723817,7.137316,0,0,0.07758,2.637704,0,0,0,0,0,231466.6875,0.231466688
681,"TMA3_[11,H].tif",1038,0,9,45,0,1,0,7,0,0,0,0,0,0,0.867052,4.33526,0,0.096339,0,0.674374,0,0,0,0,0,246502.5625,0.246502563
373,"TMA3_[11,I].tif",1043,0,5,16,0,0,0,3,0,0,0,0,0,0,0.479386,1.534036,0,0,0,0.287632,0,0,0,0,0,163348.9688,0.163348969
199,"TMA3_[11,J].tif",1043,0,6,21,0,0,0,0,0,0,0,0,0,0,0.575264,2.013423,0,0,0,0,0,0,0,0,0,239088.625,0.239088625
376,"TMA3_[11,K].tif",805,0,11,18,0,0,0,8,0,0,0,0,0,0,1.36646,2.236025,0,0,0,0.993789,0,0,0,0,0,141670.1406,0.141670141
196,"TMA3_[11,L].tif",263,1,3,8,0,0,0,1,0,0,0,0,0,0.380228,1.140684,3.041825,0,0,0,0.380228,0,0,0,0,0,71776.75781,0.071776758
91,"TMA3_[11,N].tif",1056,0,4,12,0,0,0,4,0,0,0,0,0,0,0.378788,1.136364,0,0,0,0.378788,0,0,0,0,0,238266.25,0.23826625
716,"TMA3_[11,O].tif",1538,4,40,21,0,2,2,4,0,0,0,0,0,0.260078,2.60078,1.36541,0,0.130039,0.130039,0.260078,0,0,0,0,0,322991.7188,0.322991719
517,"TMA3_[11,Q].tif",2125,1,2,3,0,0,1,1,0,0,0,0,0,0.047059,0.094118,0.141176,0,0,0.047059,0.047059,0,0,0,0,0,346651.5,0.3466515
159,"TMA3_[11,R].tif",352,0,1,6,0,0,0,1,0,0,0,0,0,0,0.284091,1.704545,0,0,0,0.284091,0,0,0,0,0,69421.79688,0.069421797
876,"TMA3_[11,S].tif",1834,9,94,8,0,0,7,7,0,0,0,0,0,0.490731,5.125409,0.436205,0,0,0.381679,0.381679,0,0,0,0,0,382105.0938,0.382105094
229,"TMA3_[11,T].tif",1627,5,56,70,0,0,4,27,1,0,0,0,0,0.307314,3.441918,4.302397,0,0,0.245851,1.659496,0.061463,0,0,0,0,277588.125,0.277588125
255,"TMA3_[11,U].tif",1584,1,11,26,0,0,1,3,0,0,0,0,0,0.063131,0.694444,1.641414,0,0,0.063131,0.189394,0,0,0,0,0,277136.3125,0.277136313
2,"TMA3_[12,A].tif",1344,1,0,2,0,0,0,0,0,0,0,0,0,0.074405,0,0.14881,0,0,0,0,0,0,0,0,0,266697.4688,0.266697469
582,"TMA3_[12,B].tif",1324,2,39,45,0,12,2,25,0,0,1,0,1,0.151057,2.945619,3.398792,0,0.906344,0.151057,1.888218,0,0,0.075529,0,0.075529,264139.6875,0.264139688
587,"TMA3_[12,C].tif",963,0,4,0,0,0,0,0,0,0,0,0,0,0,0.415369,0,0,0,0,0,0,0,0,0,0,232521.2656,0.232521266
833,"TMA3_[7,E].tif",1007,2,7,11,0,0,2,1,0,0,0,0,0,0.19861,0.695134,1.092354,0,0,0.19861,0.099305,0,0,0,0,0,184175.0469,0.184175047
302,"TMA3_[7,G].tif",1808,4,120,79,0,0,4,41,0,0,0,0,0,0.221239,6.637168,4.369469,0,0,0.221239,2.267699,0,0,0,0,0,346860.7188,0.346860719
709,"TMA3_[7,H].tif",1526,5,81,54,0,0,5,32,1,0,0,0,0,0.327654,5.307995,3.538663,0,0,0.327654,2.096986,0.065531,0,0,0,0,307792.5313,0.307792531
986,"TMA3_[7,I].tif",963,2,10,5,0,0,1,1,0,0,0,0,0,0.207684,1.038422,0.519211,0,0,0.103842,0.103842,0,0,0,0,0,269991.875,0.269991875
930,"TMA3_[7,J].tif",1656,1,5,4,0,0,1,0,0,0,0,0,0,0.060386,0.301932,0.241546,0,0,0.060386,0,0,0,0,0,0,304977.625,0.304977625
479,"TMA3_[7,K].tif",1456,6,40,39,0,1,4,14,0,0,0,0,0,0.412088,2.747253,2.678571,0,0.068681,0.274725,0.961538,0,0,0,0,0,266843.7188,0.266843719
730,"TMA3_[7,L].tif",1699,4,87,109,0,0,2,39,0,0,0,0,0,0.235433,5.120659,6.415539,0,0,0.117716,2.295468,0,0,0,0,0,317568.375,0.317568375
445,"TMA3_[7,M].tif",2280,0,4,4,0,0,0,2,0,0,0,0,0,0,0.175439,0.175439,0,0,0,0.087719,0,0,0,0,0,348006.2188,0.348006219
122,"TMA3_[7,N].tif",1240,0,5,17,0,0,0,2,0,0,0,0,0,0,0.403226,1.370968,0,0,0,0.16129,0,0,0,0,0,268881.7188,0.268881719
964,"TMA3_[7,O].tif",1098,4,20,23,0,0,4,5,0,0,0,0,0,0.364299,1.821494,2.094718,0,0,0.364299,0.455373,0,0,0,0,0,259139.75,0.25913975
648,"TMA3_[7,Q].tif",1076,0,11,40,0,0,0,5,0,0,0,0,0,0,1.022305,3.717472,0,0,0,0.464684,0,0,0,0,0,235879.1719,0.235879172
1000,"TMA3_[7,R].tif",1028,3,90,86,0,0,3,32,0,0,0,0,0,0.291829,8.754864,8.365759,0,0,0.291829,3.11284,0,0,0,0,0,242663.6719,0.242663672
836,"TMA3_[7,S].tif",1970,0,163,86,0,0,0,45,0,0,0,0,0,0,8.274112,4.365482,0,0,0,2.284264,0,0,0,0,0,343318.2813,0.343318281
220,"TMA3_[7,T].tif",1807,0,2,2,0,0,0,1,0,0,0,0,0,0,0.110681,0.110681,0,0,0,0.05534,0,0,0,0,0,323242.1875,0.323242188
371,"TMA3_[7,U].tif",2286,10,36,18,0,0,5,9,0,0,0,0,0,0.437445,1.574803,0.787402,0,0,0.218723,0.393701,0,0,0,0,0,348478.2813,0.348478281
144,"TMA3_[8,B].tif",606,1,6,6,0,0,1,4,0,0,0,0,0,0.165017,0.990099,0.990099,0,0,0.165017,0.660066,0,0,0,0,0,147965.7656,0.147965766
691,"TMA3_[8,C].tif",1577,6,0,0,0,0,0,0,0,0,0,0,0,0.380469,0,0,0,0,0,0,0,0,0,0,0,335532.3125,0.335532313
722,"TMA3_[8,D].tif",1596,0,0,0,0,0,0,0,0,0,0,0,0,0,0,0,0,0,0,0,0,0,0,0,0,351544.2188,0.351544219
577,"TMA3_[8,G].tif",1534,20,134,91,0,0,19,59,4,0,0,0,0,1.303781,8.735332,5.932203,0,0,1.238592,3.846154,0.260756,0,0,0,0,293577.5625,0.293577563
767,"TMA3_[8,H].tif",1224,0,43,22,0,0,0,6,0,0,0,0,0,0,3.513072,1.797386,0,0,0,0.490196,0,0,0,0,0,268812.8125,0.268812813
944,"TMA3_[8,I].tif",2385,23,268,94,0,2,22,75,1,0,0,0,0,0.964361,11.236897,3.9413,0,0.083857,0.922432,3.144654,0.041929,0,0,0,0,369263.3438,0.369263344
828,"TMA3_[8,J].tif",1485,3,37,43,0,0,1,25,0,0,0,0,0,0.20202,2.491582,2.895623,0,0,0.06734,1.683502,0,0,0,0,0,358226.1875,0.358226188
38,"TMA3_[8,L].tif",1582,8,117,0,0,0,8,0,0,0,0,0,0,0.505689,7.395701,0,0,0,0.505689,0,0,0,0,0,0,318245.9688,0.318245969
957,"TMA3_[8,M].tif",768,0,28,5,0,0,0,3,0,0,0,0,0,0,3.645833,0.651042,0,0,0,0.390625,0,0,0,0,0,162795.8594,0.162795859
240,"TMA3_[8,N].tif",364,2,9,0,0,2,2,0,0,0,0,0,0,0.549451,2.472528,0,0,0.549451,0.549451,0,0,0,0,0,0,110335.3125,0.110335313
24,"TMA3_[8,O].tif",1566,8,114,53,0,1,7,37,0,0,0,0,0,0.510856,7.279694,3.384419,0,0.063857,0.446999,2.362708,0,0,0,0,0,292653.1563,0.292653156
862,"TMA3_[8,Q].tif",695,3,47,14,0,9,3,11,0,0,0,0,0,0.431655,6.76259,2.014389,0,1.294964,0.431655,1.582734,0,0,0,0,0,210446.9375,0.210446938
612,"TMA3_[8,R].tif",2126,5,27,15,0,0,5,12,0,0,0,0,0,0.235183,1.269991,0.70555,0,0,0.235183,0.56444,0,0,0,0,0,335242.2813,0.335242281
623,"TMA3_[8,S].tif",873,0,4,5,0,0,0,1,0,0,0,0,0,0,0.45819,0.572738,0,0,0,0.114548,0,0,0,0,0,236874.9688,0.236874969
770,"TMA3_[8,T].tif",2384,0,3,9,0,0,0,3,0,0,0,0,0,0,0.125839,0.377517,0,0,0,0.125839,0,0,0,0,0,311660.5938,0.311660594
713,"TMA3_[8,U].tif",2318,42,343,108,4,0,34,87,3,3,0,2,0,1.811907,14.797239,4.659189,0.172563,0,1.466782,3.753236,0.129422,0.129422,0,0.086281,0,373196.8438,0.373196844
765,"TMA3_[9,A].tif",2255,2,20,28,0,0,1,8,0,0,0,0,0,0.088692,0.886918,1.241685,0,0,0.044346,0.354767,0,0,0,0,0,364301.9688,0.364301969
51,"TMA3_[9,B].tif",1398,8,25,14,0,0,7,7,0,0,0,0,0,0.572246,1.788269,1.001431,0,0,0.500715,0.500715,0,0,0,0,0,276814.4375,0.276814438
428,"TMA3_[9,C].tif",2092,2,29,25,0,3,2,8,0,0,0,0,0,0.095602,1.386233,1.195029,0,0.143403,0.095602,0.382409,0,0,0,0,0,359015.4688,0.359015469
690,"TMA3_[9,D].tif",1898,1,12,33,0,5,1,5,0,0,0,0,0,0.052687,0.632244,1.738672,0,0.263435,0.052687,0.263435,0,0,0,0,0,332168.7188,0.332168719
937,"TMA3_[9,E].tif",1578,9,134,62,0,0,9,32,1,0,0,0,0,0.570342,8.491762,3.929024,0,0,0.570342,2.027883,0.063371,0,0,0,0,287268.8438,0.287268844
483,"TMA3_[9,F].tif",1924,11,109,73,0,0,9,38,0,0,0,0,0,0.571726,5.665281,3.794179,0,0,0.467775,1.975052,0,0,0,0,0,333401.4063,0.333401406
588,"TMA3_[9,G].tif",1791,21,110,37,0,0,17,27,1,0,0,0,0,1.172529,6.14182,2.065885,0,0,0.94919,1.507538,0.055835,0,0,0,0,322312.875,0.322312875
438,"TMA3_[9,H].tif",2704,8,68,89,0,0,8,41,0,0,0,0,0,0.295858,2.514793,3.29142,0,0,0.295858,1.516272,0,0,0,0,0,360100.4375,0.360100438
614,"TMA3_[9,I].tif",1264,0,16,10,0,0,0,2,0,0,0,0,0,0,1.265823,0.791139,0,0,0,0.158228,0,0,0,0,0,328854.5313,0.328854531
433,"TMA3_[9,J].tif",1811,6,35,18,0,0,6,10,0,0,0,0,0,0.331309,1.932634,0.993926,0,0,0.331309,0.552181,0,0,0,0,0,339836.8438,0.339836844
163,"TMA3_[9,K].tif",1803,34,536,83,5,1,34,68,4,5,1,0,0,1.885746,29.728231,4.603439,0.277316,0.055463,1.885746,3.771492,0.221852,0.277316,0.055463,0,0,348668.0313,0.348668031
350,"TMA3_[4,M].tif",1243,74,401,109,3,1,71,78,5,3,0,0,0,5.953339,32.260658,8.769107,0.241352,0.080451,5.711987,6.275141,0.402253,0.241352,0,0,0,269756.9688,0.269756969
194,"TMA3_[4,N].tif",896,0,19,14,0,0,0,6,0,0,0,0,0,0,2.120536,1.5625,0,0,0,0.669643,0,0,0,0,0,199700.5313,0.199700531
813,"TMA3_[4,O].tif",1739,10,35,21,0,0,7,7,0,0,0,0,0,0.575043,2.012651,1.207591,0,0,0.40253,0.40253,0,0,0,0,0,316528.3438,0.316528344
352,"TMA3_[4,Q].tif",2318,30,198,88,2,0,29,60,1,2,0,0,0,1.294219,8.541846,3.796376,0.086281,0,1.251078,2.588438,0.043141,0.086281,0,0,0,366455.8438,0.366455844
389,"TMA3_[4,R].tif",2278,0,2,1,0,0,0,1,0,0,0,0,0,0,0.087796,0.043898,0,0,0,0.043898,0,0,0,0,0,340255.3125,0.340255313
875,"TMA3_[5,A].tif",638,5,9,9,0,0,2,3,0,0,0,0,0,0.783699,1.410658,1.410658,0,0,0.31348,0.470219,0,0,0,0,0,146810.6406,0.146810641
992,"TMA3_[5,B].tif",1112,0,5,2,0,7,0,1,0,0,0,0,0,0,0.44964,0.179856,0,0.629496,0,0.089928,0,0,0,0,0,209921.25,0.20992125
92,"TMA3_[5,C].tif",529,7,46,16,0,7,6,15,0,0,0,0,0,1.323251,8.695652,3.024575,0,1.323251,1.134215,2.835539,0,0,0,0,0,239243.0156,0.239243016
129,"TMA3_[5,D].tif",1154,1,42,33,0,2,1,15,0,0,1,0,0,0.086655,3.639515,2.859619,0,0.17331,0.086655,1.299827,0,0,0.086655,0,0,269499.0625,0.269499063
646,"TMA3_[5,E].tif",1742,6,35,34,0,10,6,15,1,0,0,0,0,0.344432,2.009185,1.95178,0,0.574053,0.344432,0.861079,0.057405,0,0,0,0,333487.625,0.333487625
398,"TMA3_[5,F].tif",1327,4,11,14,0,0,1,3,0,0,0,0,0,0.301432,0.828937,1.055011,0,0,0.075358,0.226074,0,0,0,0,0,288610.7188,0.288610719
580,"TMA3_[5,G].tif",1151,12,34,26,0,0,9,10,0,0,0,0,0,1.042572,2.953953,2.258905,0,0,0.781929,0.86881,0,0,0,0,0,286721.1563,0.286721156
527,"TMA3_[5,H].tif",1552,8,20,18,0,0,3,11,0,0,0,0,0,0.515464,1.28866,1.159794,0,0,0.193299,0.708763,0,0,0,0,0,312733.1875,0.312733188
271,"TMA3_[5,I].tif",875,8,41,36,0,0,8,16,0,0,0,0,0,0.914286,4.685714,4.114286,0,0,0.914286,1.828571,0,0,0,0,0,153334.7656,0.153334766
533,"TMA3_[5,J].tif",2018,5,39,24,0,0,5,8,1,0,0,0,0,0.24777,1.932607,1.189296,0,0,0.24777,0.396432,0.049554,0,0,0,0,298516.2188,0.298516219
826,"TMA3_[5,K].tif",464,5,6,2,0,0,4,0,0,0,0,0,0,1.077586,1.293103,0.431034,0,0,0.862069,0,0,0,0,0,0,137350.7813,0.137350781
679,"TMA3_[5,L].tif",1449,2,394,115,0,1,2,74,0,0,1,0,0,0.138026,27.191166,7.936508,0,0.069013,0.138026,5.10697,0,0,0.069013,0,0,211116.1563,0.211116156
286,"TMA3_[5,M].tif",1214,1,28,32,0,0,1,14,0,0,0,0,0,0.082372,2.306425,2.635914,0,0,0.082372,1.153213,0,0,0,0,0,292542.5,0.2925425
264,"TMA3_[5,N].tif",939,0,3,1,0,0,0,0,0,0,0,0,0,0,0.319489,0.106496,0,0,0,0,0,0,0,0,0,245880.0313,0.245880031
464,"TMA3_[5,O].tif",2182,1,26,24,0,0,1,7,0,0,0,0,0,0.04583,1.191567,1.099908,0,0,0.04583,0.320807,0,0,0,0,0,367713.4688,0.367713469
208,"TMA3_[5,Q].tif",577,0,4,10,0,0,0,1,0,0,0,0,0,0,0.693241,1.733102,0,0,0,0.17331,0,0,0,0,0,149131.2656,0.149131266
319,"TMA3_[5,R].tif",1472,3,20,13,0,0,2,4,0,0,0,0,0,0.203804,1.358696,0.883152,0,0,0.13587,0.271739,0,0,0,0,0,311912.3125,0.311912313
85,"TMA3_[5,S].tif",862,3,23,0,0,0,3,0,0,0,0,0,0,0.348028,2.668213,0,0,0,0.348028,0,0,0,0,0,0,159288.5,0.1592885
283,"TMA3_[5,T].tif",1047,0,1,0,0,0,0,0,0,0,0,0,0,0,0.095511,0,0,0,0,0,0,0,0,0,0,221503.625,0.221503625
819,"TMA3_[5,U].tif",1287,1,10,5,0,0,0,2,0,0,0,0,0,0.0777,0.777001,0.3885,0,0,0,0.1554,0,0,0,0,0,219910.5,0.2199105
309,"TMA3_[6,A].tif",2017,4,49,18,0,0,4,12,0,0,0,0,0,0.198314,2.429351,0.892414,0,0,0.198314,0.594943,0,0,0,0,0,348538.5625,0.348538563
216,"TMA3_[6,C].tif",1675,9,53,30,0,0,8,18,0,0,0,0,0,0.537313,3.164179,1.791045,0,0,0.477612,1.074627,0,0,0,0,0,343283.1875,0.343283188
424,"TMA3_[6,D].tif",1894,3,28,24,0,0,2,12,1,0,0,0,0,0.158395,1.478353,1.267159,0,0,0.105597,0.63358,0.052798,0,0,0,0,383461.5625,0.383461563
471,"TMA3_[6,E].tif",2112,11,52,35,0,10,9,15,1,0,1,0,0,0.520833,2.462121,1.657197,0,0.473485,0.426136,0.710227,0.047348,0,0.047348,0,0,337457.6875,0.337457688
474,"TMA3_[6,F].tif",1952,45,929,250,24,1,45,199,7,24,0,4,0,2.305328,47.592213,12.807377,1.229508,0.05123,2.305328,10.194673,0.358607,1.229508,0,0.204918,0,290466.4375,0.290466438
123,"TMA3_[6,G].tif",993,1,14,9,0,0,1,7,0,0,0,0,0,0.100705,1.409869,0.906344,0,0,0.100705,0.704935,0,0,0,0,0,240050.0781,0.240050078
32,"TMA3_[6,H].tif",1161,28,89,27,0,0,28,19,2,0,0,0,0,2.411714,7.665805,2.325581,0,0,2.411714,1.63652,0.172265,0,0,0,0,274405.625,0.274405625
651,"TMA3_[6,I].tif",1516,3,159,31,1,0,3,25,0,1,0,0,0,0.197889,10.488127,2.044855,0.065963,0,0.197889,1.649076,0,0.065963,0,0,0,323963.5313,0.323963531
790,"TMA3_[6,J].tif",2226,2,30,33,0,0,2,17,0,0,0,0,0,0.089847,1.347709,1.48248,0,0,0.089847,0.763702,0,0,0,0,0,332263.8125,0.332263813
211,"TMA3_[6,K].tif",1042,0,20,29,0,0,0,11,0,0,0,0,0,0,1.919386,2.783109,0,0,0,1.055662,0,0,0,0,0,277832.4375,0.277832438
343,"TMA3_[6,L].tif",1595,5,37,24,0,0,3,13,0,0,0,0,0,0.31348,2.319749,1.504702,0,0,0.188088,0.815047,0,0,0,0,0,294615.8438,0.294615844
602,"TMA3_[6,M].tif",1220,21,247,92,0,1,20,78,0,0,0,0,0,1.721311,20.245901,7.540984,0,0.081967,1.639344,6.393443,0,0,0,0,0,299727.9375,0.299727938
628,"TMA3_[6,N].tif",2094,3,21,13,0,1,3,8,0,0,0,0,0,0.143266,1.002865,0.620821,0,0.047755,0.143266,0.382044,0,0,0,0,0,330809.0625,0.330809063
979,"TMA3_[6,O].tif",841,0,9,2,0,0,0,0,0,0,0,0,0,0,1.070155,0.237812,0,0,0,0,0,0,0,0,0,229603.5625,0.229603563
853,"TMA3_[6,Q].tif",1795,0,1,0,0,0,0,0,0,0,0,0,0,0,0.05571,0,0,0,0,0,0,0,0,0,0,364968.2188,0.364968219
999,"TMA3_[6,R].tif",1359,18,53,19,0,0,15,15,0,0,0,0,0,1.324503,3.899926,1.398087,0,0,1.103753,1.103753,0,0,0,0,0,370924.9063,0.370924906
239,"TMA3_[6,T].tif",1464,10,104,122,0,0,5,53,1,0,0,0,0,0.68306,7.103825,8.333333,0,0,0.34153,3.620219,0.068306,0,0,0,0,246003.5625,0.246003563
815,"TMA3_[6,U].tif",1621,27,166,59,0,0,24,42,1,0,0,0,0,1.665638,10.240592,3.639729,0,0,1.480568,2.590993,0.06169,0,0,0,0,312225.0625,0.312225063
147,"TMA3_[7,B].tif",1850,23,65,6,0,0,14,4,0,0,0,0,0,1.243243,3.513514,0.324324,0,0,0.756757,0.216216,0,0,0,0,0,341915.875,0.341915875
320,"TMA3_[7,D].tif",989,14,34,5,0,0,12,5,0,0,0,0,0,1.415571,3.437816,0.505561,0,0,1.213347,0.505561,0,0,0,0,0,258854.6719,0.258854672
776,"TMA3_[1,L].tif",3382,4,20,14,0,0,4,2,0,0,0,0,0,0.118273,0.591366,0.413956,0,0,0.118273,0.059137,0,0,0,0,0,360369.6875,0.360369688
8,"TMA3_[1,N].tif",1695,3,19,15,0,0,3,7,0,0,0,0,0,0.176991,1.120944,0.884956,0,0,0.176991,0.412979,0,0,0,0,0,340980.125,0.340980125
956,"TMA3_[2,A].tif",1471,11,86,28,0,0,8,15,0,0,0,0,0,0.747791,5.846363,1.903467,0,0,0.543848,1.019714,0,0,0,0,0,314804.3125,0.314804313
854,"TMA3_[2,B].tif",916,1,40,28,0,0,1,20,0,0,0,0,0,0.10917,4.366812,3.056769,0,0,0.10917,2.183406,0,0,0,0,0,209037.625,0.209037625
692,"TMA3_[2,C].tif",509,6,44,22,0,0,6,16,1,0,0,0,0,1.178782,8.644401,4.3222,0,0,1.178782,3.143419,0.196464,0,0,0,0,106468.7578,0.106468758
130,"TMA3_[2,D].tif",1645,34,210,104,1,1,31,91,0,1,0,1,0,2.066869,12.765958,6.322188,0.06079,0.06079,1.884498,5.531915,0,0.06079,0,0.06079,0,315955.25,0.31595525
586,"TMA3_[2,F].tif",1844,4,14,9,0,0,2,5,0,0,0,0,0,0.21692,0.759219,0.488069,0,0,0.10846,0.27115,0,0,0,0,0,284185.125,0.284185125
201,"TMA3_[2,H].tif",1616,10,69,21,0,0,9,12,0,0,0,0,0,0.618812,4.269802,1.299505,0,0,0.556931,0.742574,0,0,0,0,0,340981.8438,0.340981844
292,"TMA3_[2,I].tif",1256,23,83,66,0,1,22,23,1,0,0,0,0,1.83121,6.60828,5.254777,0,0.079618,1.751592,1.83121,0.079618,0,0,0,0,231990.6406,0.231990641
446,"TMA3_[2,J].tif",768,2,18,14,0,0,2,5,0,0,0,0,0,0.260417,2.34375,1.822917,0,0,0.260417,0.651042,0,0,0,0,0,157472.8125,0.157472813
177,"TMA3_[2,K].tif",659,9,59,19,0,0,7,13,1,0,0,0,0,1.365706,8.952959,2.883156,0,0,1.062215,1.972686,0.151745,0,0,0,0,226012.7031,0.226012703
375,"TMA3_[2,M].tif",708,2,12,21,0,1,2,3,0,0,0,0,0,0.282486,1.694915,2.966102,0,0.141243,0.282486,0.423729,0,0,0,0,0,133310.0781,0.133310078
143,"TMA3_[2,N].tif",2911,28,156,159,1,0,28,74,2,1,0,0,0,0.961869,5.358983,5.46204,0.034352,0,0.961869,2.542082,0.068705,0.034352,0,0,0,420148.0938,0.420148094
385,"TMA3_[2,O].tif",1763,12,38,37,0,0,6,10,0,0,0,0,0,0.680658,2.155417,2.098696,0,0,0.340329,0.567215,0,0,0,0,0,297045.4063,0.297045406
323,"TMA3_[2,S].tif",2143,0,7,12,0,0,0,1,0,0,0,0,0,0,0.326645,0.559963,0,0,0,0.046664,0,0,0,0,0,426861.4375,0.426861438
834,"TMA3_[3,A].tif",1033,0,45,26,0,0,0,5,0,0,0,0,0,0,4.356244,2.516941,0,0,0,0.484027,0,0,0,0,0,260943.5781,0.260943578
400,"TMA3_[3,B].tif",1185,8,77,15,0,0,8,9,0,0,0,0,0,0.675106,6.49789,1.265823,0,0,0.675106,0.759494,0,0,0,0,0,302714.3125,0.302714313
951,"TMA3_[3,C].tif",1735,5,36,5,0,0,5,4,0,0,0,0,0,0.288184,2.074928,0.288184,0,0,0.288184,0.230548,0,0,0,0,0,333797.9063,0.333797906
629,"TMA3_[3,D].tif",289,0,2,1,0,0,0,1,0,0,0,0,0,0,0.692042,0.346021,0,0,0,0.346021,0,0,0,0,0,87499.88281,0.087499883
43,"TMA3_[3,E].tif",1816,7,29,9,0,2,3,3,0,0,0,0,0,0.385463,1.596916,0.495595,0,0.110132,0.165198,0.165198,0,0,0,0,0,330732.2188,0.330732219
250,"TMA3_[3,F].tif",1399,4,17,20,0,12,3,9,0,0,0,0,0,0.285919,1.215154,1.429593,0,0.857756,0.214439,0.643317,0,0,0,0,0,288274.75,0.28827475
980,"TMA3_[3,G].tif",733,3,47,19,0,0,3,14,1,0,0,0,0,0.409277,6.412005,2.592087,0,0,0.409277,1.909959,0.136426,0,0,0,0,209718.6875,0.209718688
478,"TMA3_[3,H].tif",1110,30,351,191,1,0,29,149,9,1,0,0,0,2.702703,31.621622,17.207207,0.09009,0,2.612613,13.423424,0.810811,0.09009,0,0,0,177526.6563,0.177526656
344,"TMA3_[3,I].tif",1195,12,53,29,0,4,10,12,1,0,0,0,0,1.004184,4.435146,2.426778,0,0.334728,0.83682,1.004184,0.083682,0,0,0,0,284159.9375,0.284159938
138,"TMA3_[3,J].tif",1944,9,48,21,0,0,9,9,0,0,0,0,0,0.462963,2.469136,1.080247,0,0,0.462963,0.462963,0,0,0,0,0,341474.6875,0.341474688
6,"TMA3_[3,K].tif",2363,2,22,17,0,0,1,6,0,0,0,0,0,0.084638,0.93102,0.719424,0,0,0.042319,0.253915,0,0,0,0,0,353241.8125,0.353241813
140,"TMA3_[3,L].tif",1425,7,53,31,0,0,5,22,1,0,0,0,0,0.491228,3.719298,2.175439,0,0,0.350877,1.54386,0.070175,0,0,0,0,330227.2813,0.330227281
251,"TMA3_[3,M].tif",1464,7,46,18,0,0,7,7,0,0,0,0,0,0.478142,3.142076,1.229508,0,0,0.478142,0.478142,0,0,0,0,0,313203.2813,0.313203281
923,"TMA3_[3,N].tif",792,3,12,12,0,0,3,2,0,0,0,0,0,0.378788,1.515152,1.515152,0,0,0.378788,0.252525,0,0,0,0,0,181585.8906,0.181585891
499,"TMA3_[3,O].tif",1565,0,36,27,0,0,0,12,0,0,0,0,0,0,2.300319,1.72524,0,0,0,0.766773,0,0,0,0,0,317464.375,0.317464375
683,"TMA3_[3,Q].tif",3687,0,2,0,0,0,0,0,0,0,0,0,0,0,0.054245,0,0,0,0,0,0,0,0,0,0,379386.5,0.3793865
287,"TMA3_[3,R].tif",1027,0,3,0,0,0,0,0,0,0,0,0,0,0,0.292113,0,0,0,0,0,0,0,0,0,0,246829.875,0.246829875
997,"TMA3_[4,A].tif",2301,14,63,29,0,0,6,11,0,0,0,0,0,0.608431,2.73794,1.260322,0,0,0.260756,0.478053,0,0,0,0,0,339049.3125,0.339049313
381,"TMA3_[4,B].tif",2953,1,5,3,0,0,1,1,0,0,0,0,0,0.033864,0.169319,0.101592,0,0,0.033864,0.033864,0,0,0,0,0,398362.7813,0.398362781
540,"TMA3_[4,C].tif",1269,2,8,1,0,0,2,0,0,0,0,0,0,0.157604,0.630418,0.078802,0,0,0.157604,0,0,0,0,0,0,294201.3125,0.294201313
158,"TMA3_[4,E].tif",1241,3,9,9,0,0,2,0,0,0,0,0,0,0.241741,0.725222,0.725222,0,0,0.16116,0,0,0,0,0,0,237401.3906,0.237401391
39,"TMA3_[4,F].tif",741,2,48,6,0,0,2,5,0,0,0,0,0,0.269906,6.477733,0.809717,0,0,0.269906,0.674764,0,0,0,0,0,114673.6953,0.114673695
174,"TMA3_[4,G].tif",1665,11,82,42,0,0,11,22,0,0,0,0,0,0.660661,4.924925,2.522522,0,0,0.660661,1.321321,0,0,0,0,0,360418.375,0.360418375
299,"TMA3_[4,H].tif",2046,15,106,65,0,3,14,34,0,0,0,0,0,0.733138,5.18084,3.176931,0,0.146628,0.684262,1.661779,0,0,0,0,0,319680.75,0.31968075
266,"TMA3_[4,I].tif",1803,1,9,15,0,1,1,6,0,0,0,0,0,0.055463,0.499168,0.831947,0,0.055463,0.055463,0.332779,0,0,0,0,0,334244.7813,0.334244781
274,"TMA3_[4,J].tif",978,0,14,16,0,0,0,5,0,0,0,0,0,0,1.431493,1.635992,0,0,0,0.511247,0,0,0,0,0,194845.8594,0.194845859
359,"TMA3_[4,K].tif",1691,2,27,23,0,0,2,8,0,0,0,0,0,0.118273,1.596688,1.360142,0,0,0.118273,0.473093,0,0,0,0,0,292261.875,0.292261875
49,"TMA3_[4,L].tif",1121,2,9,2,0,3,2,0,0,0,0,0,0,0.178412,0.802855,0.178412,0,0.267618,0.178412,0,0,0,0,0,0,283282,0.283282
496,"TMA3_[1,A].tif",875,8,36,29,0,0,8,10,1,0,0,0,0,0.914286,4.114286,3.314286,0,0,0.914286,1.142857,0.114286,0,0,0,0,209012.6719,0.209012672
410,"TMA3_[1,D].tif",2181,71,370,265,0,15,67,192,11,0,11,0,7,3.255388,16.964695,12.15039,0,0.687758,3.071985,8.803301,0.504356,0,0.504356,0,0.320954,364219.9375,0.364219938
599,"TMA3_[1,E].tif",1365,8,121,40,0,0,8,31,1,0,0,0,0,0.586081,8.864469,2.930403,0,0,0.586081,2.271062,0.07326,0,0,0,0,266705.125,0.266705125
72,"TMA3_[1,F].tif",513,1,43,18,0,0,1,15,0,0,0,0,0,0.194932,8.382067,3.508772,0,0,0.194932,2.923977,0,0,0,0,0,317792.1563,0.317792156
188,"TMA3_[1,G].tif",956,0,12,10,0,0,0,5,0,0,0,0,0,0,1.25523,1.046025,0,0,0,0.523013,0,0,0,0,0,235531.3594,0.235531359
920,"TMA3_[1,H].tif",1258,6,19,19,0,0,3,5,0,0,0,0,0,0.476948,1.510334,1.510334,0,0,0.238474,0.397456,0,0,0,0,0,224773.8281,0.224773828
217,"TMA3_[1,I].tif",1223,0,6,6,0,0,0,1,0,0,0,0,0,0,0.490597,0.490597,0,0,0,0.081766,0,0,0,0,0,312326.8125,0.312326813
107,"TMA3_[1,K].tif",3310,0,7,8,0,0,0,4,0,0,0,0,0,0,0.21148,0.241692,0,0,0,0.120846,0,0,0,0,0,426744.8438,0.426744844
